model,alpha_ann,alpha_t,r2,beta_mktrf,beta_smb,beta_hml,beta_rmw,beta_cma,beta_umd
equal_weight,-0.0123,-1.19,0.732,-0.06094286793063727,-0.012430837875654308,0.32968508705144056,0.335534430271291,0.16194615469066148,0.22336832447099567
nn3_mse,-0.0392,-1.55,0.36,-0.18450810777598892,0.056397549459109124,0.09742493698346048,0.26313249008871564,0.4489099246251208,0.16485578689921904
pls,-0.043,-1.75,0.395,-0.19562880424209972,0.028561474750659694,0.05493125547159726,0.2608210805193333,0.4412215571590486,0.19780708947656678
ridge,-0.0439,-1.8,0.368,-0.2031738303827973,0.04071548426908399,0.06253756981168049,0.2506914834299425,0.44672771130927624,0.1649378968215922
xs_utility,-0.0368,-1.83,0.604,-0.11062501325814669,3.7254834656314264e-05,0.3916230324781526,0.5959514389037326,0.2547708347678575,0.21987342994646236
xs_sharpe,-0.037,-1.91,0.618,-0.14638378898841972,-0.040427368586942194,0.43438332704044397,0.6484933182742204,0.1902352838917567,0.17062823269664723
gbrt,-0.0492,-2.0,0.408,-0.19563684707672,0.047485381432493895,0.08434860937832529,0.3172513504532731,0.46933377086436867,0.16088580832609387
xs_ic,-0.0602,-2.69,0.437,-0.2043921921231866,-0.001504166839194089,0.11540192593260151,0.3163609072350848,0.42805773456658175,0.18700220130640227
xs_mse,-0.0626,-2.87,0.382,-0.21886271708203633,0.032373575900260895,0.11211737517384546,0.3023850962994288,0.41191114062441603,0.13443447283357002
ols_h,-0.0659,-2.95,0.413,-0.217433046643866,-0.013152053226591293,0.09897942575809984,0.31131998035358965,0.46696492325664907,0.12345616581895326
enet,-0.0889,-3.66,0.305,-0.21903208345432618,0.05885440614697916,0.027687371891714677,0.27164851558081293,0.5307898571651056,0.007389775306299532
