model,cost_mult,cost_bps,sharpe_net,ret_net
equal_weight,0.0,0.0,0.8,0.0576
equal_weight,0.5,12.5,0.34,0.0245
equal_weight,1.0,25.0,-0.12,-0.0086
equal_weight,2.0,50.0,-1.03,-0.0746
equal_weight,3.0,75.0,-1.94,-0.1401
equal_weight,4.0,100.0,-2.84,-0.2049
enet,0.0,0.0,0.61,0.0663
enet,0.5,12.5,-0.13,-0.0148
enet,1.0,25.0,-0.85,-0.0954
enet,2.0,50.0,-2.15,-0.2532
enet,3.0,75.0,-3.25,-0.404
enet,4.0,100.0,-4.14,-0.5454
gbrt,0.0,0.0,0.82,0.0891
gbrt,0.5,12.5,0.16,0.0178
gbrt,1.0,25.0,-0.49,-0.0535
gbrt,2.0,50.0,-1.72,-0.1953
gbrt,3.0,75.0,-2.83,-0.3336
gbrt,4.0,100.0,-3.79,-0.4665
nn3_mse,0.0,0.0,0.75,0.0827
nn3_mse,0.5,12.5,0.17,0.0189
nn3_mse,1.0,25.0,-0.4,-0.045
nn3_mse,2.0,50.0,-1.49,-0.1725
nn3_mse,3.0,75.0,-2.47,-0.2987
nn3_mse,4.0,100.0,-3.3,-0.4225
ols_h,0.0,0.0,0.66,0.0723
ols_h,0.5,12.5,-0.0,-0.0005
ols_h,1.0,25.0,-0.66,-0.0733
ols_h,2.0,50.0,-1.88,-0.2181
ols_h,3.0,75.0,-2.94,-0.3597
ols_h,4.0,100.0,-3.82,-0.4965
pls,0.0,0.0,0.67,0.0751
pls,0.5,12.5,0.11,0.0127
pls,1.0,25.0,-0.44,-0.0499
pls,2.0,50.0,-1.51,-0.1754
pls,3.0,75.0,-2.48,-0.2994
pls,4.0,100.0,-3.33,-0.4201
ridge,0.0,0.0,0.7,0.0778
ridge,0.5,12.5,0.12,0.0131
ridge,1.0,25.0,-0.46,-0.0518
ridge,2.0,50.0,-1.56,-0.1816
ridge,3.0,75.0,-2.56,-0.3098
ridge,4.0,100.0,-3.43,-0.4352
xs_ic,0.0,0.0,0.69,0.0767
xs_ic,0.5,12.5,0.04,0.005
xs_ic,1.0,25.0,-0.59,-0.0668
xs_ic,2.0,50.0,-1.8,-0.2099
xs_ic,3.0,75.0,-2.87,-0.3508
xs_ic,4.0,100.0,-3.78,-0.488
xs_mse,0.0,0.0,0.71,0.0779
xs_mse,0.5,12.5,0.03,0.0034
xs_mse,1.0,25.0,-0.64,-0.0709
xs_mse,2.0,50.0,-1.89,-0.218
xs_mse,3.0,75.0,-2.98,-0.3611
xs_mse,4.0,100.0,-3.91,-0.4984
xs_sharpe,0.0,0.0,0.67,0.072
xs_sharpe,0.5,12.5,0.2,0.021
xs_sharpe,1.0,25.0,-0.28,-0.0299
xs_sharpe,2.0,50.0,-1.2,-0.1312
xs_sharpe,3.0,75.0,-2.07,-0.2311
xs_sharpe,4.0,100.0,-2.87,-0.3288
xs_utility,0.0,0.0,0.77,0.082
xs_utility,0.5,12.5,0.26,0.0275
xs_utility,1.0,25.0,-0.25,-0.027
xs_utility,2.0,50.0,-1.26,-0.1357
xs_utility,3.0,75.0,-2.22,-0.2437
xs_utility,4.0,100.0,-3.1,-0.3507
