model,scheme,n_months,ret_gross,ret_net,vol,sharpe_gross,sharpe_net,sharpe_net_se,t_net,max_dd,skew,turnover,cost_drag,hit_rate,breakeven_bps
xs_utility,tilt,203,0.1462,0.0483,0.1069,1.38,0.45,0.23,1.53,-0.453,1.15,0.667,0.0979,0.56,183.0
xs_sharpe,tilt,203,0.1333,0.044,0.111,1.21,0.4,0.23,1.48,-0.372,1.35,0.622,0.0894,0.56,179.0
equal_weight,equal,203,0.0944,0.0279,0.0715,1.32,0.39,0.25,1.44,-0.246,-0.03,0.091,0.0665,0.54,866.0
xs_ic,tilt,203,0.1261,0.0211,0.1089,1.17,0.19,0.24,0.82,-0.366,0.02,0.911,0.1051,0.52,115.0
nn3_mse,tilt,203,0.1192,0.0197,0.1127,1.07,0.17,0.24,0.73,-0.403,0.28,0.882,0.0995,0.5,113.0
gbrt,tilt,203,0.1131,-0.0008,0.112,1.03,-0.01,0.24,-0.03,-0.539,0.01,1.165,0.1139,0.49,81.0
xs_mse,tilt,203,0.1187,-0.0022,0.1125,1.07,-0.02,0.24,-0.08,-0.511,-0.17,1.165,0.1209,0.46,85.0
pls,tilt,203,0.1042,-0.0037,0.1102,0.96,-0.03,0.24,-0.15,-0.511,-0.02,1.046,0.1079,0.49,83.0
ols_h,tilt,203,0.1138,-0.0076,0.1115,1.04,-0.07,0.24,-0.29,-0.573,-0.25,1.227,0.1214,0.48,77.0
ridge,tilt,203,0.105,-0.0113,0.1102,0.97,-0.1,0.24,-0.42,-0.574,-0.07,1.169,0.1163,0.47,75.0
enet,tilt,203,0.1006,-0.0327,0.1103,0.94,-0.3,0.24,-1.21,-0.68,-0.29,1.536,0.1333,0.42,55.0
