model,turnover,switching_ann,carrying_ann,gross_ann,net_ann
xs_utility,0.667,0.04,0.0554,0.1462,0.0483
xs_sharpe,0.622,0.0373,0.0497,0.1333,0.044
equal_weight,0.091,0.0055,0.061,0.0944,0.0279
xs_ic,0.911,0.0547,0.0486,0.1261,0.0211
nn3_mse,0.882,0.0529,0.0447,0.1192,0.0197
gbrt,1.165,0.0699,0.0423,0.1131,-0.0008
xs_mse,1.165,0.0699,0.049,0.1187,-0.0022
pls,1.046,0.0628,0.0434,0.1042,-0.0037
ols_h,1.227,0.0736,0.0459,0.1138,-0.0076
ridge,1.169,0.0701,0.0444,0.105,-0.0113
enet,1.536,0.0921,0.0394,0.1006,-0.0327
