model,alpha_ann,alpha_t,beta_bench,r2,active_ann,info_ratio,t_active
xs_utility,0.0146,0.88,1.21,0.65,0.0203,0.31,1.15
xs_sharpe,0.0073,0.58,1.31,0.716,0.016,0.25,1.06
xs_ic,-0.0113,-0.74,1.16,0.579,-0.0069,-0.1,-0.46
nn3_mse,-0.0119,-0.8,1.13,0.513,-0.0083,-0.1,-0.52
gbrt,-0.03,-1.5,1.04,0.445,-0.0287,-0.34,-1.55
ols_h,-0.035,-1.77,0.98,0.396,-0.0356,-0.41,-1.92
pls,-0.0319,-1.88,1.01,0.427,-0.0317,-0.38,-1.82
ridge,-0.0385,-1.97,0.97,0.4,-0.0392,-0.46,-2.04
xs_mse,-0.0326,-2.08,1.09,0.477,-0.0301,-0.37,-1.84
enet,-0.0563,-2.55,0.84,0.3,-0.0606,-0.65,-2.84
