model,period,n_months,ret_net,sharpe_net,t_net,max_dd
enet,2008-2015,83,-0.0004,-0.0,-0.01,-0.279
enet,2015-2024,120,-0.055,-0.44,-1.36,-0.602
gbrt,2008-2015,83,0.0186,0.23,0.58,-0.217
gbrt,2015-2024,120,-0.0142,-0.11,-0.35,-0.484
nn3_mse,2008-2015,83,0.0323,0.4,0.99,-0.149
nn3_mse,2015-2024,120,0.011,0.08,0.27,-0.403
ols_h,2008-2015,83,0.0075,0.09,0.24,-0.231
ols_h,2015-2024,120,-0.018,-0.14,-0.46,-0.512
pls,2008-2015,83,0.012,0.14,0.35,-0.237
pls,2015-2024,120,-0.0146,-0.12,-0.39,-0.444
ridge,2008-2015,83,0.0138,0.17,0.41,-0.22
ridge,2015-2024,120,-0.0286,-0.23,-0.73,-0.527
xs_ic,2008-2015,83,0.017,0.21,0.52,-0.189
xs_ic,2015-2024,120,0.0239,0.19,0.63,-0.332
xs_mse,2008-2015,83,0.0097,0.12,0.29,-0.206
xs_mse,2015-2024,120,-0.0104,-0.08,-0.26,-0.464
xs_sharpe,2008-2015,83,0.0222,0.26,0.66,-0.186
xs_sharpe,2015-2024,120,0.059,0.47,1.32,-0.372
xs_utility,2008-2015,83,0.0386,0.47,1.25,-0.151
xs_utility,2015-2024,120,0.0549,0.45,1.12,-0.453
