yyyymm,equal_weight,enet,gbrt,nn3_mse,ols_h,pls,ridge,xs_ic,xs_mse,xs_sharpe,xs_utility
200802,-0.0008500878015152528,-0.013091943149432975,-0.009345394101322771,0.00916203049237349,-0.005813423712109328,0.01247624442838399,0.008653373102911593,0.004277778032433342,0.01226436703863003,0.0070856415482213626,0.01733577614916014
200803,0.008009875456808058,-0.004429051327904251,0.0010687585025396457,0.0029490816712589374,0.0031464957825037866,0.0025726736149200005,0.0021037863556540477,0.003472028263599345,0.002919387710368715,0.008709595074047222,0.006090975780340494
200804,-0.0038917678184667934,-0.01421833233309058,-0.012141613072805868,-0.0015650777356734256,-0.01259828156087346,-0.0027816407505139107,-0.005260884040533364,-0.010872029222532421,-0.00872788777326078,-0.005604853209105072,-0.0029105650208581593
200805,-0.0011989523928805394,0.0132494798901296,0.012228844538153118,0.013307252146531875,0.005570446071818178,0.013018789511130354,0.012373603691687964,0.009216366226628143,0.008913597431240844,0.0010740864360294687,0.006850247115860084
200806,0.005707809325649824,0.04670610767978133,0.04194098598666779,0.03897410201590376,0.03938808453761338,0.04804920064186359,0.04864692667054813,0.04152622156253606,0.04160721119156067,0.01857356553121546,0.030132357155559616
200807,0.001755221275245119,-0.054898422612066,-0.04684550425917843,-0.046073175894635596,-0.04679788460102832,-0.052103493612776414,-0.05277606914312932,-0.043971747834586815,-0.042610336927434274,-0.012104041498141219,-0.026159257643808463
200808,-0.0027044178511403724,0.012686457428775172,0.001586788229032618,-0.01977364828682998,0.0037015763850212907,-0.022319269138721794,-0.019117827498180764,-0.0024597191991070693,-0.00911073267125372,-0.000955526577551674,-0.00864991465536193
200809,0.018945930718694253,0.05784980608502511,0.051567994341339594,0.031028197378230413,0.05216502265568314,0.02972431858648846,0.042094510378532846,0.04959547731325957,0.031185037943720226,0.03227362621103216,0.02100103615741557
200810,0.019498481138123427,0.04191422829484199,0.04019407029112688,0.035089660348065946,0.031659047345494865,0.04237723388446442,0.041754625281087594,0.03766336528729236,0.034674277472207325,0.02508605731199167,0.02522907398166068
200811,0.010057701144666406,0.03971484441375346,0.03326641872824476,0.02892794297288577,0.027474449075864056,0.03491325052759714,0.03517894233908304,0.03461679903796478,0.029748236135280146,0.016625708827029483,0.019397007898767048
200812,-0.0019501934916683515,-0.019840897629019968,-0.01073364545583031,-0.007072788610294586,-0.013072490782110657,-0.010195004576512146,-0.011856206481137232,-0.014019391877418005,-0.00636266608194097,-0.004064770386113533,-0.0005635402131488501
200901,-0.010154399778967005,-0.03295501735938511,-0.02562415436515793,-0.021267551008081576,-0.03671097043934787,-0.024098870224616598,-0.026367434951379685,-0.025511159032502933,-0.03227904278029127,-0.014648954457721457,-0.015753396840186607
200902,-0.006484510567930875,0.010529648936245934,0.014065260545837873,0.0179295022680256,0.0020785350642958584,0.01732266390134947,0.01592151308187517,0.015616065249583207,0.014364521701177614,0.008828809306887482,0.005778754514983026
200903,-0.04569048294995288,-0.04497213729231885,-0.050291567167653484,-0.054279063521942277,-0.045373722326003285,-0.051543680521149424,-0.0498848994000264,-0.05758698166858881,-0.060758882674933595,-0.07070061182946036,-0.0663623234179056
200904,-0.08939554205097745,0.048570151983838766,-0.002309074640245731,-0.008187112404650827,-0.0004155518427382263,-0.023186215648690556,-0.004855760031702702,-0.014626908238555147,0.005648247782852486,-0.049861403383673356,-0.057055327625606736
200905,-0.05292116335097367,-0.0020426588648099343,-0.016228912981201892,-0.019012675624922894,-0.027644918115215956,-0.011899945246467558,-0.010558416052660415,-0.02294984978951801,-0.03051676568275455,-0.050892308507970066,-0.044080027426173896
200906,0.011379628134744892,-0.004332706526605551,-0.001424630603043767,-0.0026444019481301727,-0.0001576354028019987,-0.005130615374210403,-0.005757101324145158,-0.0009383866832242763,-0.0016068517349862059,0.00968118691406705,0.0075919841345815555
200907,0.006499586382391825,-0.0026454531757546394,0.005048527699012577,0.0069815918703114484,0.0067350564359735495,0.005939375800577229,0.005785349771436982,-0.003921767965994588,0.001415921510868876,-0.002049844235679853,0.0005943120463787635
200908,-0.011825937943628925,0.027895609803019267,0.023590492164593392,0.030064588226552048,0.018986118201474868,0.02711684361362947,0.030239611689439744,0.01830262871365716,0.019283219688410996,-0.0006439252057908309,0.004668416078163469
200909,-0.009845340614744276,-0.002040038141015753,-0.002458170983538469,-0.0011016551038453603,-0.0025055216391080934,-0.0020200365836553023,-0.0017917826521317431,-0.004473402346476616,-0.004558381975045774,-0.010288891135742186,-0.003766295813782407
200910,0.005804883045513671,-0.01969590782206502,-0.02431902262908096,-0.02736796822785568,-0.022228092562215165,-0.02226955982238176,-0.024662687810196062,-0.020184258092815703,-0.02163871528313176,-0.0074935568116694246,-0.010268553780724436
200911,-0.009414169567672003,-0.005977673564019976,-0.00469445750622774,-0.0077383093803863445,-0.004050505545190808,-0.006267503990769457,-0.005389652680680618,-0.007272779377866808,-0.0018732773684304548,-0.0071137218567455425,-0.0032107690535419808
200912,0.005858995699586193,-0.002137833287779309,0.0016061399831881244,-0.001247269750125731,0.0012082887290262596,0.0011962367768416694,0.00042703844136226106,-0.005205651341649079,-0.0015678926029460537,-0.0005616997731916379,0.0037836404484266634
201001,0.00039379031824523483,-0.004162216736024866,-0.005748314107050262,-0.007946012298857249,-0.004961766290221651,-0.0028229583554724505,-0.004319372565539736,-0.010933506854158278,-0.009447529212228207,-0.010562886852401211,-0.009391300411928994
201002,0.008212409227972483,-0.0009778529080647985,0.004095399453418078,0.008650362639007826,0.0036413665781092797,0.0011327500961625368,0.002899447409117799,0.0048515165451311305,0.0038729120320220665,0.007899632504015382,0.00829930282462193
201003,-0.0011973646241161646,0.0038933506728780357,0.005259674597387033,0.014478864797539808,-0.0002935540264381996,0.00424524086941177,0.00448153552749874,0.006809436760320272,0.00451590204485828,0.0022049861277588802,0.003519161916879543
201004,0.005823557797533884,0.017477462259959605,0.015408268661386053,0.022669238504178853,0.012850166895521814,0.0178094054913159,0.017762431145040242,0.013526421256855744,0.016184239348300704,0.006172437975818214,0.007376296490058263
201005,0.004417739276198058,-0.014969232545950818,-0.015830443063676005,-0.014162622213727709,-0.011197945466720613,-0.013984320174855706,-0.013985064427463893,-0.01464316931578189,-0.014780487342731278,-0.01032866124277526,-0.008940848283557236
201006,-0.006816386829686782,0.003822911584877226,0.004778338295315418,-0.021059735950147325,0.005259213807982749,0.0010942360827495353,-0.0021109474248853996,-0.001643099552345736,0.0016427502836421572,-0.0015714013241735411,-0.004805796837807623
201007,0.0001096493919668033,-0.017800931813701543,-0.017793079880050553,-0.019622619046610904,-0.014745318564043345,-0.018096566770562608,-0.016854515565603738,-0.019837089579026287,-0.01763548742391163,-0.01856892910406215,-0.009825151736180484
201008,-0.021685037165146016,-0.030774878975817682,-0.028008558471988753,-0.02286269019701116,-0.023769489554944123,-0.025300935091672753,-0.027246826161155927,-0.01901148841456683,-0.02774035324757978,-0.020930796974716052,-0.025439821448280085
201009,-0.006495773326657371,-0.02665602029010292,-0.03009450110471254,-0.026176928275604885,-0.030523299105185486,-0.030669072199389243,-0.029890245495226436,-0.0293719028136327,-0.031030345920031604,-0.03787868297788453,-0.030618208095891407
201010,-0.0026330803573636247,-0.0017341359485961224,0.00013751501922530085,0.0011102026558993212,-0.0006691288503206827,0.00064949553354191,0.0011540115978074356,-0.0002872688398125419,-0.0006077588462859275,-0.0017409802167403648,-0.0007353433974983684
201011,0.0011744736186183138,0.007325576153700149,0.008727990465441815,0.013460518656202012,0.005887743287305529,0.009572935121347272,0.010166333232078606,0.0067222292019192146,0.00794855414586794,0.008998511474000796,0.006997402936285057
201012,-0.009642320216142683,-0.010219509298746446,-0.016536313052938945,-0.0031691075084458327,-0.024354674111510405,-0.014448275880727801,-0.014234823731201059,-0.013357695393591731,-0.01720089392638549,-0.026164982763781035,-0.021382035455765027
201101,-0.007155683212893563,-0.005406281445606749,-0.006065172712861317,-0.004357905295428392,-0.0067057979753251794,-0.006095985300983141,-0.005762603656371035,-0.005228979687944757,-0.006630984840533374,-0.007202015534402733,-0.004461049505257643
201102,0.010990332392095563,0.0023793536732335135,0.007036312563557412,0.011353494351015509,0.005531839947415139,0.004955333184824846,0.006511636257284129,0.006178302479584948,0.007303610643869661,0.0035524252395702175,0.00839701933989745
201103,0.0024639089718288243,-0.0016820333862189124,-0.0014206761701582747,0.001753864594846428,-0.0014556694227646331,0.0009721939915668254,0.001108683447072986,-0.00018238020296342395,0.000574125593868964,-0.00023019210673330247,0.002076418419299891
201104,-0.011783980948369516,-0.009564915580509278,-0.011140584516700566,-0.01207260971784566,-0.01220196364000014,-0.011156537089657973,-0.01109343948918955,-0.011806602332574164,-0.011799425011080568,-0.016178383244002476,-0.016589386061247352
201105,-0.009033499647290298,-0.005867713005928683,-0.006441886615599156,-0.016445565050805137,-0.005642764728413394,-0.006369487340452981,-0.0070590826290895005,-0.009073836646662484,-0.009636527047509847,-0.001491336916898148,-0.011578517689967786
201106,0.012680117887126545,0.007276580902417805,0.010934289302969505,0.010884649640477891,0.014263088202021795,0.012427822701295752,0.0125374046388413,0.013926905622732421,0.0150293749874696,0.02385285026411409,0.017707716466720508
201107,-0.004325556313210814,-0.0028168190671847533,-0.00218318503656727,-0.001003987955678032,0.00029556089974990365,-0.0011372993102469568,-0.0004781042373211355,-0.0018888912363333836,0.0002365740343699875,-0.0022006441351075795,-0.0025790076884265557
201108,0.0033088495444420028,0.019977298023779667,0.028202976685094507,0.02983212244746317,0.02728375371446633,0.031038182803223534,0.029966154690950788,0.02809593280257294,0.03012932015015489,0.03978962111344675,0.02764942343262582
201109,0.024125230745258824,0.0392977115800539,0.0455569013529237,0.04548222134307634,0.04632482505526341,0.048397212844844384,0.04635460070180179,0.04484046726028899,0.047340635164592956,0.05542814466462717,0.04419453459533371
201110,-0.018321225719093913,-0.05613024778925957,-0.07065388429901517,-0.0710465479341615,-0.07591234838943219,-0.07002315425177184,-0.07027314122478891,-0.07016478877301666,-0.07219051092928058,-0.07405977914555113,-0.06650599365960419
201111,0.014245669284221643,-0.01730213045092772,-0.004973925954037462,0.00793243748001799,-0.005572753532105023,-0.0033048270736278605,0.0015972562140736677,0.002405025872366554,0.0023114117868923718,-0.000136818562970329,0.015335163348704644
201112,0.020808269970562197,0.006338176925070332,0.011903604213042832,0.01700010400771986,0.011683983827544176,0.010289230187054849,0.011360858124706337,0.013617603871701574,0.01232739698841518,0.018737498323458265,0.021229574747136746
201201,-0.037703893028081775,-0.049228628189174076,-0.06559536441510949,-0.05551352978093072,-0.07413381034309097,-0.06485124309891768,-0.06739926367242516,-0.061496365434777905,-0.06869391593879594,-0.0725780276232459,-0.07525481819503935
201202,-0.01260485786965685,-0.015329592335996943,-0.02078780882181608,-0.01992825611660254,-0.01898829655142672,-0.024008894446753783,-0.023097397228099923,-0.01844111769999644,-0.022048490972709008,-0.020581970127202517,-0.018839282638718258
201203,0.006800544928000989,-0.0031562430470024896,-0.0018752202305903731,0.007731892993036677,-0.005753332996248002,-0.0011972475033016389,0.005261546933673537,-0.0021653146857923125,5.973289090642012e-06,0.004245422279132553,0.0039002232727501683
201204,0.008640302990325222,-0.0017551157299051663,0.0021492345545106478,0.001217176651756484,0.0030518344547870203,0.0028631431572984935,0.005326134704499579,0.007814809011199401,0.00681517986377029,0.0075820505445123206,0.013964372849887321
201205,0.027158012000576146,0.03179152357878925,0.032686300168227544,0.03507745324333446,0.03291433376439473,0.03531239385444644,0.03480504234729316,0.03600840572232344,0.03375707299694197,0.03913132950229701,0.040418705075998505
201206,-0.006248384064753409,-0.015342995841358483,-0.01824071259979198,-0.018653068943575008,-0.01506591700904253,-0.013956517105261197,-0.015044654667180135,-0.01358856303964088,-0.01668890931816763,-0.012604158440942157,-0.014721458858215738
201207,0.013525078051955769,-0.016344451932217747,-0.0031175368708718214,0.005275265393365318,-0.004609878126564597,-0.004026466631929688,0.006998218366646581,0.0014652876584938003,-0.006006655339384938,0.0058585153239704545,0.012967403148643888
201208,-0.007222589318018453,-0.03027803315390257,-0.02881109464640758,-0.02355467334566082,-0.028275096186034552,-0.030315812774378472,-0.025490609397299843,-0.026365238885311473,-0.02943414306259486,-0.025247200803219495,-0.02170205270899567
201209,-0.0032089353213836476,-0.013933234247154272,-0.01452902314771218,-0.012278029986922715,-0.009128622233016635,-0.012019319148785708,-0.014542536193894808,-0.012649883672608714,-0.015267092380027759,-0.013485136239040085,-0.012897073660797224
201210,0.016557249883678384,-0.004942493904778119,0.010577172995011718,0.014354482168982939,0.009310590441577749,0.0019440379929112689,0.010792955513322097,0.003906872363850802,0.0022537590771200505,0.012764025387211915,0.010476893763567236
201211,-0.0023905484099957,-0.013369886462881144,-0.008308870321882468,-0.00018868920318447228,-0.012176608690246539,-0.011941507516346381,-0.00616226906937409,-0.01007033417779708,-0.01112726801902338,-0.00872023364475244,-0.010373771373791654
201212,-0.0038619219474677713,-0.0029008869315495754,-0.00575392505408321,0.005157524914651691,-0.004411443954304371,-0.003041349073790437,-0.0016960326357839833,-0.008267116195090915,-0.003921605866734487,-0.004184846476084451,-0.0063254871913809825
201301,0.0031991740918231107,0.0008784690445505363,0.0023339276160093893,0.00823435119777864,0.0011589959930511807,0.0022137352131051512,0.007020533679624587,0.0018721222838891842,0.004836515218865149,0.005137218522064813,0.008425503848975335
201302,0.003766363011111226,-0.0023443327891530174,-0.00156552577434126,0.0006493918531605213,-0.0010011829949541995,-0.0007946159226810452,0.0016826817686170792,-0.0008302364751415356,-0.000780157493930691,-0.0037969989918122176,-0.0024640172466696792
201303,0.0031024343043553376,-0.0003896557494107744,0.0011671405879698892,0.000997225923525616,-0.0009179494247597732,0.00420908074105867,0.003316823693881436,0.0017682325882826262,0.0017434935656868097,0.002169454203929184,0.002222011993004284
201304,0.0009593305655395774,0.0026079051183668673,0.007141407470476963,0.007151068489449548,0.0005925093544776882,0.007640950797036685,0.005763007376197594,0.0031479376753858427,0.003131245647768579,-0.006286573524478234,0.0007381314603317413
201305,-0.0048317405350917445,-0.01287986966900354,-0.014618437082380817,-0.011297561941653576,-0.01674854933727457,-0.009980451962792633,-0.011246795906748359,-0.0172974685372292,-0.00810156885258115,-0.014227958539469303,-0.013386602224072034
201306,0.006265265525423704,0.0015369240347374562,0.004124161958869012,0.0009013837407095714,0.004576228473151325,0.007505586267719068,0.006452463223351014,0.0025627968581559855,0.001957838713856038,0.011800472060329678,0.012189432047530653
201307,-0.0007084973215529707,-0.008060286575316235,-0.00455932545126122,0.0044663095150433135,-0.009647400524007123,0.004852519456725926,0.0011527472011267994,-0.00821657233586149,-0.0035317444960261415,-0.014895213814743645,-0.008838005910146617
201308,-0.0214836105222348,-0.024814027313108108,-0.025854183024419365,-0.020741674932071796,-0.0262892306918881,-0.023442532392458536,-0.023117865075806952,-0.027483598161474474,-0.025539330797017798,-0.02925695299465559,-0.03250580938109064
201309,0.004937726922239027,-0.007540309525329079,0.006816912507914045,0.0018365854708530833,-0.0011917456810022638,0.006759554176717258,0.005168732179713791,0.004106764180555251,-0.00016584028366471262,0.011155437925179427,0.011139616541616354
201310,0.014437671745839355,-0.029115703228537886,-0.020420514438733398,-0.014021289894488136,-0.02332198968048023,-0.012747594646228997,-0.020141445887067146,-0.01955934373541854,-0.02278461221467341,-0.00022071524380074973,0.00026055377141264986
201311,0.006327109130785097,-0.019826959159341528,-0.017169178549370293,-0.016661794596350702,-0.018087277605742982,-0.009004703776683576,-0.014843997077692102,-0.01876412340424017,-0.0170146233295802,-0.008868913807035795,-0.008000890328618695
201312,-0.008091852091676848,-0.016066719518346463,-0.016881744811606283,-0.010111018656439335,-0.016354478733113218,-0.011436874370163929,-0.013986183774620298,-0.0180313858006721,-0.015269583241563108,-0.01794793185128836,-0.017050368125826852
201401,-0.02375705884159559,-0.01576614321496567,-0.040479061520280225,-0.03171277289717989,-0.03502224338841361,-0.029460368836587286,-0.027167635030066428,-0.02660530112551363,-0.014046316623753032,-0.04028888897025878,-0.031099268643379474
201402,-0.012642497547392065,-0.012409990694000972,-0.015928466071769388,-0.008035713359980181,-0.019219623930077024,-0.006720326587177278,-0.006930131148041403,-0.014228794149032952,-0.011972945193647545,-0.024622591585327352,-0.021013878702385268
201403,0.024259643994237762,-0.03201634226701749,-0.02905979852185208,-0.02650740417645029,-0.014983025027503642,-0.024954011096481862,-0.02504149350455395,-0.02199268159191122,-0.026296173830788496,0.018544451774716527,0.007642828576155881
201404,-0.0025470455419167102,0.02498936018144456,0.0063975436281424585,-0.008047768138146049,0.014781151141652535,-0.008403450603081926,-0.006495036270063501,0.005815995061143608,0.008576815451011861,0.01186357483208382,0.006002509814732709
201405,-0.007147856167012636,-0.008188264991764987,-0.005618010147858209,-0.0075346879674279875,-0.004998291599478179,-0.006676813685457916,-0.006624300810741627,-0.005217633121003798,-0.006763732952969913,-0.0012139749194823126,-0.004474910487200839
201406,-0.026308930354091792,-0.0553712994058603,-0.05976590725632729,-0.06050145738867623,-0.05710127538470823,-0.05655550064487169,-0.05592404413280095,-0.05891392100408279,-0.050617825273579525,-0.05698667995965803,-0.0482128609267267
201407,0.011384467921718305,-0.03455402097039457,-0.016605571006972755,-0.0012029199419381275,-0.009322226101329273,-0.0015831185900348856,-0.0027920451555773617,-0.011408896838267388,-0.02066794527483766,0.02565373707613175,0.014668200346353948
201408,-0.010025973049545892,-0.03799859652480306,-0.02534836475291332,-0.018512994049384123,-0.025644694131327587,-0.02343592381934521,-0.023332341060970926,-0.02481726367232337,-0.02983259669097172,-0.017979090010128203,-0.020386298924759478
201409,0.01109356890856011,-0.017619473783753642,-0.004861072077510863,-0.001813047930259083,-0.0005703246131547858,0.0016142207626819317,0.0008761313888053967,-0.00013395964007576128,0.0003531870388648783,0.021752571921833806,0.016426501294322684
201410,0.01583413716650453,0.04461659900820313,0.03664120445860969,0.029874885800814526,0.028475331724766132,0.0327712425165957,0.03218934334513773,0.03348997523648598,0.03704113867189694,0.02339683237413968,0.02090112372802694
201411,0.018594667560693626,0.04966620291888266,0.060498329641456704,0.05685928198853658,0.05310018777100616,0.05933464041872204,0.05691903898465024,0.06265808244770425,0.056619924702632815,0.04373344957857144,0.04104426077436027
201412,0.011255902864629611,0.012900505861887105,0.018035571695110757,0.013523205687012036,0.010965132322101119,0.017685869593202154,0.01681287656991752,0.013702826047103153,0.009961472750073292,0.00911369341622041,0.012161861145580325
201501,-0.010949823359650066,-0.015843797042796905,-0.0024173920539442366,0.002578851172069793,-0.004794378270858042,0.0009657656050436923,0.00048052943457922807,-0.0034249672546949575,0.003255087878081519,-0.009517993044177882,-0.0030698844382159914
201502,-0.022662313747753883,-0.08064621817994866,-0.07543156642224517,-0.06360091246615535,-0.07600087642294996,-0.07043815302734095,-0.07165298515583601,-0.07028444334846436,-0.07449909399886229,-0.05837889196364272,-0.05589531627174283
201503,0.002419406050580204,-0.026271410723155326,-0.005615046820676178,-0.0004975687642940702,-0.007588585197439904,0.00391173107399681,0.0017555990974716129,0.005490742918604297,-0.005059928337218581,0.009278597927308087,0.010093513290298076
201504,-0.03243663223645006,-0.12163642870097342,-0.11391139707531661,-0.11408634654989475,-0.109382400449315,-0.1276871367630149,-0.12487025622275727,-0.11896371779380302,-0.11631393188740771,-0.06557386492553041,-0.06892929447747509
201505,0.002747718832383435,-0.0698554537812939,-0.048161832186232864,-0.036533736343691434,-0.05284756539303162,-0.03824783037298252,-0.04240507609572262,-0.02618239000433571,-0.037697913579082074,-0.008630681895336119,0.00024850803064024873
201506,0.005803015818023163,0.016834427816272698,0.01873222536779363,0.028777687228236058,0.009240406919493314,0.025566355997946707,0.023933503874970848,0.02474440475766946,0.021493476469276816,0.008525329532313419,0.016021234132347344
201507,0.024824897196380043,0.06588226098562004,0.05555220865697905,0.07004077099802353,0.06707427741897683,0.0709633977467516,0.06704193907675396,0.08365170747608651,0.07993529566910064,0.06677389795072275,0.07028722042835538
201508,-0.00109288792886927,-0.03253513738178758,-0.03443320368219897,-0.03666152684438449,-0.015874142778149494,-0.03480785342816289,-0.0345638939991585,-0.028818779437541565,-0.025567182057333198,-0.003977927655054414,-0.013660100005648823
201509,0.040072209574988145,0.03638879116093692,0.06845099398085724,0.08736047555444261,0.06445019264023633,0.08116915196999172,0.0800799045328429,0.07612188052973147,0.06871344899016975,0.09207530104706146,0.08236088204227802
201510,-0.006970124766251005,-0.03629076071739798,-0.034389202342903616,-0.034784961408609025,-0.034339145062827175,-0.03459620679146114,-0.03417407614389137,-0.03900116992092855,-0.03817741349865071,-0.033637889834933585,-0.04310367898396472
201511,-0.00524395257759498,-0.03294636344663447,-0.03170719371856117,-0.03541902039256289,-0.03855518224783957,-0.02880526432701478,-0.03127528837873527,-0.027587334311630556,-0.03388658793275253,-0.034586629655295895,-0.027263868256031096
201512,0.0012064860122597276,0.0016510144278377686,0.012900486285812843,0.014936598845269742,-0.0012566620131568913,0.02091375348794727,0.01972061867533864,0.014906081549070459,0.004727250073056929,0.0062003354423703855,0.003971345206877374
201601,0.05001081254390287,0.051968619441516116,0.05427763863708872,0.04721532441610171,0.07700925726444553,0.04956464349575018,0.049135772912963484,0.05654425268367108,0.07068148823901384,0.09729212616583767,0.0870031544197543
201602,-4.715764630222781e-05,0.016143370487727855,0.003858749976489697,0.004980011871650221,0.007742207641166314,-0.00010856673158313721,0.001536255533395223,-0.002355438044981996,0.010959991733551826,0.010629398519262477,0.007546075771425936
201603,-0.020175308446328075,-0.005346645542365241,-0.027141473925405946,-0.02812082497876612,-0.025217656310412187,-0.040276045541814985,-0.03697345185620454,-0.043907954590667535,-0.022553235745051893,-0.029999803848495092,-0.03212457949640216
201604,-0.020926790824792582,0.03740130421534753,0.003083052062457736,0.010867044047107024,0.011460484439547837,-0.009954882279055584,-0.0036247871473308185,-0.027144827908032618,0.019336007257178153,-0.029886171568870124,-0.0174226313518019
201605,-0.004954952173592539,-0.028242284351475758,-0.033608070295407945,-0.03630123327103866,-0.03688587136031731,-0.03306719282532281,-0.03403463998564982,-0.029022475961960233,-0.03728456303404117,-0.025508822363332965,-0.031636064973733155
201606,0.005744565495527088,-0.02516092566356668,-0.011077034159203783,-0.010759767005265994,-0.00533271909459799,-0.010480431751545368,-0.012318005530450905,-0.003152221256102412,-0.011256060864567003,0.011621272382075406,0.012938407548887167
201607,-0.01541231666224727,-0.04419556645652825,-0.0413627738150766,-0.03400201564753806,-0.03932718030616601,-0.04082341051984815,-0.040225351899365,-0.04485878161445189,-0.04099461681664364,-0.028276332269234136,-0.03411356513233138
201608,-0.004738690646700388,-0.003914046285759928,-0.013813462644487361,-0.0038188401463381595,-0.015366532423658272,-0.00826509411385607,-0.007928026672758519,-0.015703771057130042,-0.006987053081429373,-0.010302537772969704,-0.008700030459291292
201609,-0.010271082399495427,-0.0005203849713148012,0.0027798358892637738,0.004149608841771178,0.0005221649221992239,-0.0002696722778630127,0.0015338456915717255,-0.009562434958195897,0.006393171573317253,-0.014031244315043767,-0.008860210638258573
201610,0.028199702679920197,-0.03598646618691523,-0.027753664298860017,-0.022326881971990696,-0.02498856141125984,-0.02609076878395296,-0.02691108447108813,-0.0212737326439478,-0.025344567986124292,0.02478953412785753,0.007712355357502569
201611,0.037295681385017744,-0.0039721083166036255,0.021276341811139757,0.030546348105260777,0.008961799791788237,0.021470439670601155,0.02053647334680749,0.011232626618506015,0.010306627284411517,0.022370198861709514,0.03414774881258924
201612,0.011958183784537453,0.0006933286470326797,0.005500303904580199,0.004356773069857496,0.00014067358339264264,0.006663823636855678,0.006040760559082715,0.004552456625220419,-0.0028041412484098986,0.013288701366529465,0.006328089934722427
201701,-0.016374138928302008,-0.04703389217931118,-0.03959003954266334,-0.03228041643256442,-0.04281050449871217,-0.031762179458246595,-0.032669746806723146,-0.034736529047677406,-0.03891362055379849,-0.03190954270351244,-0.029259302540673653
201702,-0.01812527290929357,-0.02360211017356247,-0.028485313819854474,-0.030388180744829397,-0.029846062704157676,-0.026836641087940236,-0.027198405591412903,-0.02951076164661368,-0.02972722398095326,-0.026807397474295346,-0.03819965486527949
201703,-0.007623859168286305,0.0019969777049974064,-0.010661968275636344,-0.007028988536993473,-0.004327080347309044,-0.0056833889554712275,-0.005193677795790461,-0.006481507456498375,-0.005250978045883874,-0.008556541581853785,-0.01074659568116353
201704,-0.008235982814220118,0.006130230494325765,-0.010265155664737034,-0.002747810429010259,0.0036038235560465924,0.0019045041098616482,0.002080931545927627,-0.0017512487915531407,-0.0006136390821583736,-0.00440592434449909,-0.017840290637514456
201705,-0.0028237741871708333,0.02718977142536179,0.015107576521165246,0.02518188770211476,0.023978217001042627,0.021928491494789325,0.022696088696193405,0.017803142885373126,0.021479628246729027,0.012528859774710483,0.0008818597214618662
201706,-0.012180416449574261,-0.03185710501557136,-0.01928235618333528,-0.023691111281012183,-0.034119514172574666,-0.02695424358865294,-0.027654957231728713,-0.02463213397790294,-0.027912593407600307,-0.02272585422307328,-0.017023992555914812
201707,-0.002178436117444628,-0.018891363368203594,-0.007873634326508214,-0.015167392870008813,-0.012155684638372247,-0.01588655060494928,-0.016437628309341333,-0.011626763271582607,-0.014695158427252573,-0.004141892558967085,-0.005148222833848847
201708,-0.00021187035140144816,-0.002201169173415324,0.021483195406386827,0.020972491832086142,0.004772803864460891,0.01726939947599956,0.01667253375053783,0.01115515761806102,0.00918301370227005,0.003605769176124843,0.0073059963223830625
201709,0.0005972892171719523,-0.037227740290335605,-0.019751982071080997,-0.030866543820835694,-0.03465614045779106,-0.03143258936621528,-0.03228794503122413,-0.029153733453186906,-0.03562164031117318,-0.017028539996174225,-0.022835370764385444
201710,0.013218743441263048,-0.020265624901943526,0.006817906554045534,0.005433189898183976,-0.00281333813856874,0.004839045504149071,0.002673218353033292,0.007760885141439046,-0.006712969567929169,0.018011431793807074,0.012296641982235854
201711,-0.001918902110120009,-0.020156271023801468,-0.012289699385916307,-0.01610602043559755,-0.018094625299128857,-0.01709858644327271,-0.01756742232273088,-0.018521175780225,-0.021676019683453417,-0.0070694737367633965,-0.012735300931469372
201712,-0.010210194944774004,-0.012630359847641695,-0.01810373141889689,-0.01589016217864229,-0.016154116112776284,-0.017949362743477946,-0.017285384330985077,-0.018592589846369332,-0.014335699069958055,-0.013949292312422258,-0.013071022993868657
201801,-0.004538071232698028,-0.020061367109333896,-0.005016530784700373,-0.004898856395924671,-0.015570042650906646,-0.00445323144369803,-0.005799557572680319,-0.0054404761146286925,-0.007023917780538697,-0.004461035906809313,0.004085511151298915
201802,0.0023338663636273058,0.0030604184024416777,0.0031721884250260008,0.004661862153379759,-0.0021388966414540075,0.006363598937227833,0.0058934149861240084,0.004708408509696095,0.004282250495665584,-0.013829474984846827,-0.00011744776380309772
201803,-0.0020562218201800667,-0.012614243219834651,-0.011552527046121778,-0.010865618181858648,-0.01688110434517735,-0.01066444408579451,-0.011139396604928598,-0.012740571739163356,-0.01075572048509075,-0.006003754045534314,-0.00891607447739646
201804,0.002149251223799203,0.0028384013664278242,-0.007565643324255021,-0.008893262192005707,-0.014762581901262778,-0.009526873472542855,-0.008777177142108761,-0.010112489040532227,-0.004406703237213288,-0.004975303428936464,-0.0055801495051969845
201805,-0.010332082265432283,-0.010972928336203173,0.0019384531085407813,0.0018051741019375507,-0.009179845094784408,0.006372949230827875,0.003597051634246415,-0.011851706685603244,-0.0017516886606562467,-0.028134086122585864,-0.016310152530800384
201806,-0.004116534762137578,-0.024650561617259738,-0.013643076654599667,-0.009683892855912325,-0.018551015045853412,-0.011963387783601558,-0.012628226251440722,-0.014883767643343022,-0.020055245405161376,-0.005389173749924563,-0.008398242173808027
201807,0.0007378874431207758,-0.011616275753339187,-0.020869072161906754,-0.015587377540322885,-0.014057667991526067,-0.015941417159626083,-0.016473767648152254,-0.011816324375197073,-0.013779117925541581,0.00996394463796246,0.0024912854356833438
201808,-0.01853185245239014,-0.05755172198104366,-0.0020457773790398264,-0.014966895350566962,-0.016495489699107448,-0.0025661765412471637,-0.006930003434684488,-0.0212830655141827,-0.023049270951972487,-0.048399957001688816,-0.029825160179764616
201809,-0.004219462276735225,-0.03043842619225912,-0.016891575859908376,-0.017166017856886675,-0.022124408669726075,-0.017515918364478807,-0.018569429911177448,-0.019167158739700506,-0.02356822837626781,-0.00029188929743843796,-0.006745310892286431
201810,0.008927053868545172,0.016946699339994445,-0.004386218734033573,-0.008783142822932756,0.01815724164544753,-0.014983569871013331,-0.01064091821929288,0.013309067208895142,0.00979101532908224,0.059994908588148495,0.03767301402164982
201811,-0.013420201602086408,-0.003779423664580813,-0.012673767644943169,-0.01147296437053279,-0.009182843560655738,-0.01084683786276294,-0.010027256580545091,-0.010198321791166393,-0.00562854430639089,-0.000596120702390681,-0.011547568644683471
201812,-0.0031054650696728933,0.01584546833605152,0.026542005687370827,0.022926058563441584,0.023138833346671765,0.03000245897428387,0.029842965396423393,0.01548226055955297,0.024102865544744174,0.0068774954260757476,-0.007307922583294807
201901,-0.036751214135218424,-0.10223994741951213,-0.12991821400877895,-0.12283350479987523,-0.1144873018774359,-0.11430290889178948,-0.1161039622608364,-0.12305510851769105,-0.11167761313386483,-0.0591175838433046,-0.07659627141441125
201902,-0.021838781569856323,-0.02735944230174731,-0.034244465841550165,-0.03650166271372845,-0.04357668146596409,-0.028428544690022765,-0.029914123445131485,-0.04468772485516256,-0.03807876136559424,-0.04804996975427174,-0.049403238802638284
201903,-0.02102300227599243,-0.02580089457175862,-0.013937594680023152,-0.028015937372119833,-0.02278527344615154,-0.019951077250997963,-0.021771723053347593,-0.026796129777042488,-0.02447398487880652,-0.04940902715939051,-0.03290098394068569
201904,0.007751911292032844,-0.02369982825594413,-0.020999673124862884,-0.014066011815998678,-0.018553890511305286,-0.01169352673672746,-0.01317280689738477,-0.005709107260088325,-0.005173911553275055,0.016430520147360315,0.01881998726786003
201905,-0.004308744729095008,-0.033425968679012645,0.010274096960390356,-0.019442980072044574,0.006331455976057418,0.0017802368229403551,-0.0025628743404481767,-0.007563802672356946,-0.012284857739214068,-0.022860354331662894,-0.01928857937496975
201906,-0.01956891542007892,-0.06089481771572492,-0.048490303753119406,-0.05926642181614773,-0.06182134807463641,-0.0537829697467729,-0.05590212116395658,-0.06431687803997953,-0.06075856071789219,-0.034711041182940154,-0.034634124917831265
201907,0.0049055011772925206,-0.019740199031087258,0.004261913318213912,0.0036245712241556984,0.013165134982044425,0.00730621854869727,0.005666189801779259,0.004812872345309166,-0.005715695248544631,0.009383387211507561,0.01144221527850316
201908,-0.0008832803845032452,0.024814349054923503,0.04782955428431607,0.04260048501567394,0.04395654204220958,0.055571575533189234,0.05354425102875133,0.04426152055556478,0.04223957471456252,-0.021304587717439066,0.0019725746789364556
201909,0.019378023385083737,-0.062176810842364615,-0.04418727015014767,-0.03491991974831916,-0.035223334182813225,-0.04200322967751718,-0.04279114656506797,-0.026218699244651773,-0.03365829706349081,0.05534104001320041,0.045993933835105145
201910,-0.0029432312562061407,-0.05238548889730029,-0.018182563635219518,-0.03217671021150168,-0.032909446006064956,-0.025570995141807853,-0.02984518305571715,-0.040631453361454815,-0.0406607586222969,-0.030156649179620305,-0.029444904975455894
201911,-0.031643591378731906,-0.012381578631128442,-0.07034431763131717,-0.05005680948645531,-0.05576794007737214,-0.0498941106228758,-0.050820773578313765,-0.050306373480882544,-0.04619284901975985,-0.06686919989816818,-0.06609088039810541
201912,-0.019595754837603112,-0.02336927849475555,-0.03293378803918099,-0.04592663083311714,-0.05026804797760899,-0.05926734064223408,-0.05550526292428935,-0.05233715374158365,-0.05166561012678555,0.0037561651570615115,-0.0266636979589422
202001,-0.021299220614196385,-0.09345587824813649,-0.018559928918499412,-0.05953090459037492,-0.06142261308189905,-0.036146278413540886,-0.04870769691626578,-0.07025188378855372,-0.07908497406881725,-0.08697657650964663,-0.06967682572863426
202002,-0.026659843363890642,0.0014858536092369758,0.011798754474409237,0.01237650005432529,-0.004519472672547113,0.010315649349122139,0.009462692942366811,0.0012183658013845428,0.001401137226750311,-0.042634461207828045,-0.04390510442369859
202003,-0.015623438325870084,0.09091861782594408,0.08317566007924601,0.10097347343937256,0.10407368584098853,0.11492442445933583,0.1121613386317354,0.099254924195151,0.08788575394829408,-0.05879400306348357,-0.043058107107725445
202004,-0.02419364580473778,-0.1327983112870086,-0.09345057310023087,-0.12042430154989864,-0.14025756415533072,-0.11961204252496939,-0.12287548726586699,-0.12641610552387172,-0.1380972516967295,-0.03735561374657981,-0.007024496061189513
202005,-0.02624611146667172,-0.016160076728763104,0.023305600829656554,0.015142171387984509,0.0037067556925385976,0.0226942522750776,0.019497401164194645,0.009900869256911473,-0.0010376416479103367,-0.03948306594772616,-0.04218661032881287
202006,-0.01219258490550072,0.009016122249431739,0.007215343422084776,0.012289081161719563,0.00362440632056953,0.007560883846218047,0.008089035069777793,0.0049520493213382885,0.006875377512826666,-0.014135981771303171,-0.006946891519744551
202007,0.0020961758175571674,-0.011098390166882053,-0.003995146332746539,0.0021022006099529014,0.0015403523305922329,0.0013690963776014997,0.0001877598919374018,0.008938696205523055,-0.00036159683010563115,0.011704146653576046,0.020640694216898597
202008,-0.010412814944661699,-0.035893645054244354,-0.025581092843291884,-0.020398908558135323,-0.02693488454281219,-0.02482802925398939,-0.02568647720595353,-0.02823081119623271,-0.03207846551409633,-0.006597667893621594,-0.010382408086280244
202009,-0.009261137978219541,-0.03813640595761328,0.0008229050018473818,-0.008532065229028154,-0.015690754484118496,-0.006264089475948886,-0.010229954215065874,-0.010064248670727402,-0.02161224609884488,-0.026488557147900108,-0.02673684225663328
202010,0.009922234190154994,-0.021885773747466454,-0.010473616982923376,-0.012528014431077919,-0.0167042615363585,-0.022254775152242064,-0.022594365962886435,-0.01956862954353323,-0.018396789464575306,0.017736306409776994,0.0065906106458743854
202011,-0.020356984470802492,0.016517586042411634,-0.0006099905081881401,0.02302554129599319,0.0025620798453629707,0.002755423050743816,0.007848864756258839,-0.00910815985645068,0.006752486640904482,-0.003545506467569395,-0.005828066257115816
202012,0.0022987953545617274,0.016041565249309032,0.014270433338354168,0.020184907364194326,0.014770898025410062,0.019994828972806786,0.0198878393550336,0.014964191542076783,0.014742668219501459,0.0033510934132797206,0.0020279044856202936
202101,0.020367287175308977,0.039856998938600834,0.07421540530198774,0.0785061302999426,0.058184339759477524,0.07091057079798176,0.06842083969448326,0.05791105668290024,0.046002656211274244,0.03644421181157455,0.06888352137759132
202102,0.039489861082820085,0.023948835065383384,0.035240441877538546,0.04760421661232829,0.03631858678409841,0.03516277096924278,0.037092734504504926,0.030522061957912034,0.04078065454198607,0.04127413466712209,0.04694636006795337
202103,0.058016828006091516,0.061051113838120674,0.049609413885342166,0.041064023547483466,0.05150420364274647,0.02991821177463985,0.037876493554839165,0.04279202647409797,0.058743953238395784,0.08085512871595403,0.09869996508631879
202104,0.0027654765431311926,0.007400014578761016,-0.0034155792282369616,-0.005028758325224594,-0.0007099490908012862,-0.008602830246704649,-0.005899166695076472,-0.001576308459341515,0.002649327624050347,0.00387601688315807,0.010651583896489857
202105,0.03644161032295934,0.01852621328139678,0.046986569001793696,0.05183771497623341,0.04041051163533119,0.04731603934568183,0.04842553529145394,0.03931273373485184,0.037070883221352796,0.053301921809859376,0.056138009799077335
202106,-0.03971305956484891,-0.05664107917314316,-0.0578032646696673,-0.054718933141143636,-0.04970916187232979,-0.049857456426195185,-0.05212662485475719,-0.05324307814819975,-0.058902747018719406,-0.0468303199791516,-0.053913397059187046
202107,0.024915661083065165,-0.039778326891116475,-0.013913585103475611,-0.010284116336979156,-0.011336302521241952,-0.016200504192881476,-0.01539091326938253,-0.01020471581192086,-0.02087085181145264,0.030669922590416794,0.033789898979694984
202108,0.0031658097684654288,-0.01740433632856895,-0.014969969088740275,-0.010620910152494917,-0.011109872516782058,-0.011834070679766759,-0.012602631166873149,-0.011424576520033914,-0.012812323565706425,-0.003367444340962645,-0.0068941876649421235
202109,0.017181782921928894,-0.008727437062211975,0.0015520088302154972,-0.001008937240469281,0.0025768425470794015,0.0044528569930208485,0.003805946677007897,0.0013855975421724004,0.0015106109823509511,0.017306635729679224,0.02108269790679506
202110,-0.0027053086373187304,-0.01108272585188853,0.007112249558191455,0.0036329283659494067,0.005160338231855494,0.006400834736647624,0.005486949593175261,0.005364542327552078,-0.00027799759218152776,0.008792236403809814,0.005614682279050141
202111,0.028638800241095823,0.025728026843470003,0.03678788586221806,0.03162076547805163,0.03306659456679886,0.03081419614111358,0.03172328975001953,0.03056354471140654,0.03204994930438561,0.04591640601298391,0.04979633275636017
202112,0.05722430856366794,0.06393211855766372,0.07510931598492565,0.07147666196566634,0.06546041698204993,0.06830555321065135,0.0679703553134042,0.06846213594087998,0.06265844029929266,0.06820650846182683,0.07656526916101962
202201,0.06286260477928064,0.08505738427478114,0.08745162058458246,0.08115864226890393,0.07181262514992716,0.0798854849535235,0.0796822966214845,0.0766386454900287,0.07596720346148876,0.07837062589769261,0.09405653116693209
202202,0.002403558186861454,0.016000144295301208,0.017178294173545463,0.00809040051205136,0.01596175380381452,0.014971568697565314,0.015133428030840662,0.016217256771097262,0.016489816724601116,0.007394470893712355,0.004102430877572163
202203,-0.010089974970644261,0.005857142560828293,0.0054961082479484035,-0.0015379902555390035,0.005847585969005961,0.0027897446415776146,0.004681762222684001,0.0029278142485521753,0.003591641487251673,-0.004938558238247462,-0.005404738672833294
202204,0.0822111751385139,0.047501133411578494,0.07544156002577675,0.0773855920157528,0.06583830381161143,0.08253939644901923,0.06637197452772339,0.08202877312576866,0.06446105552799586,0.10021778556701072,0.09343330789006006
202205,0.04066497096938149,0.04366268591461799,0.04733236748186479,0.04807044557277207,0.045423822197427424,0.04920780971448082,0.04780711809223463,0.04655852933634901,0.045907980236338165,0.04706251733784936,0.045727730448819594
202206,-0.020073379851036875,-0.025169900330302346,-0.03125031740402835,-0.023440701668344114,-0.023828355441540768,-0.028622043052745832,-0.02543000854854733,-0.02767853965968551,-0.022705029515034475,-0.022051781230061775,-0.02046598818822842
202207,-0.038415702787139544,-0.025368297415712067,-0.03167210377867135,-0.0316876184362275,-0.027063684731659092,-0.03548559347712894,-0.031027696785217822,-0.033715248619439496,-0.029754996733618026,-0.027177789240087274,-0.02911485655231705
202208,-0.021110725590665708,-0.016909784724628823,-0.021352117962998227,-0.02015154325576727,-0.01880423225510735,-0.024081564002409565,-0.021271578329319734,-0.022811065063906625,-0.021445142493469075,-0.02528994442060307,-0.02321599090934939
202209,0.01773601145267526,0.008900759876365938,0.015441719558632265,0.00931503124070899,0.011264168532108433,0.007819023653989673,0.010726289713965866,0.00666538553095794,0.011543225472442095,0.012389850269886487,0.012793676749183473
202210,0.03773323566298577,-0.01555980012921911,-0.0041248404667881405,-0.001436379854409333,-0.0030074784183263055,0.0028481497294434856,-0.01109469926513773,0.004139045064148098,-0.00941845695076413,0.026149656204288923,0.015360189940664562
202211,0.002510763120953189,0.00788090267201332,0.010823607990401798,0.005016250372898966,0.006136552143686821,0.008943770697907891,0.007313322706885904,0.007743239080669063,0.005695239421248787,0.014018737971099295,0.01084725873157937
202212,0.02002239802512558,0.004006871714348329,0.01345798749413785,0.011788058267414673,0.007733131147269477,0.011600982809699907,0.007212487319499549,0.013098746794609853,0.0066525428217058145,0.014329562899958822,0.01616315048954781
202301,-0.062183332503089904,-0.06497851161520407,-0.07544164102748185,-0.0612303276434137,-0.06637539877874571,-0.062030498184544015,-0.06758525019095996,-0.06627236731118019,-0.06934939509369054,-0.05977481847643575,-0.06585066774538686
202302,0.007950427689838599,-0.01813435263988526,-0.008663210148398819,-0.006332958946735584,-0.009492503515146591,-0.0032382228626938346,-0.017341360726935186,-0.006456013294980345,-0.011917915774833497,0.006736846330562053,0.003372272314087192
202303,-0.022217137183814174,-0.0061655974620617535,3.6011400729415726e-05,-0.007710572468010263,-0.004107838964882821,-0.00787922217689272,-0.005421992074165082,-0.006537958173853972,-0.0037884594927749555,-0.00838732279761315,-0.007455781929108052
202304,0.009232130493249023,0.0022705161832082873,0.0032227394048058443,0.0011379812753043736,0.002727207002210434,0.00354056319801786,0.0019290237921165104,0.007091326856155097,0.0040417434057920115,0.012670844340482178,0.012781034988728788
202305,-0.04319984574531474,-0.044685536082338814,-0.04527026032564293,-0.0416244227580671,-0.045103930788446336,-0.04660715110662517,-0.044923041767386304,-0.046677192092886476,-0.042834248589912416,-0.04574775486114795,-0.03913456580788906
202306,-0.00697907130305778,-0.017438822834575686,-0.018410461546869324,-0.013426734589086867,-0.017121198888550012,-0.018197977359935922,-0.019332333190355544,-0.019302011934827258,-0.023141111528696485,0.0002630387775052234,-0.014101072605411642
202307,-0.013442621740078353,-0.0014307640349874354,-0.01744534497512631,-0.008381031596407322,-0.014599064649078938,-0.008614350885487449,-0.002306949675902873,-0.014068980195505721,-0.011042457277653338,-0.014820293524263513,-0.014866311290277958
202308,0.0226535553879428,-0.004119331097849793,-0.0001965307552951931,-0.00048168601017941433,0.0025711746675626096,0.003671975183698602,-0.005151895930104903,0.001981494810312494,0.00017953175039558066,0.02897855581749545,0.01750132158276288
202309,0.0046999767856525255,0.012294800610520025,0.013274174875519296,0.013079353663652222,0.011728895008072242,0.01675079251802489,0.012889455371753348,0.01224086408236848,0.014291864109033589,0.013200518042418105,0.00999348067046067
202310,0.012435605847644887,0.030372300669130204,0.03199438341792503,0.02874227328018445,0.0316645256899161,0.03211458766180877,0.03046403948959269,0.031855005183290576,0.03340211509895654,0.02639488995451492,0.022466009467403642
202311,0.010721740551641401,-0.016462123151351947,-0.009211990740942713,-0.012923281859933517,-0.009340937084846615,-0.012910076905665835,-0.01669021810436185,-0.00888439384949441,-0.015193214640743424,0.0008234726201764536,-0.0004452983716471852
202312,-0.016966990732019505,0.004549703226173044,-0.011417556432656491,-0.022561594171710456,-0.013427036722539686,-0.02920948057410041,0.0017853433799072187,-0.012962783502677015,-0.010336312056648266,-0.023894328375725714,-0.017015275442921383
